frame_id,timestamp,x,y
0,0.0,604,652
1,0.03320908546447754,605,632
2,0.06754779815673828,605,612
3,0.10124373435974121,606,592
4,0.1359713077545166,607,572
5,0.17003989219665527,608,552
6,0.20247220993041992,608,532
7,0.23584628105163574,609,512
8,0.2697136402130127,610,492
9,0.3042261600494385,611,472
10,0.3383347988128662,611,452
11,0.37240028381347656,612,432
12,0.4060549736022949,613,412
13,0.4394099712371826,614,392
14,0.4732639789581299,614,372
15,0.5072555541992188,615,352
16,0.5410604476928711,616,332
17,0.5745894908905029,617,312
18,0.6082079410552979,617,292
19,0.6425492763519287,618,272
20,0.6755428314208984,619,252
21,0.7101099491119385,620,232
22,0.7435054779052734,620,212
23,0.7773652076721191,621,192
24,0.8111259937286377,622,172
25,0.8446381092071533,623,152
26,0.8783388137817383,623,132
27,0.9127378463745117,624,112
28,0.9539039134979248,625,92
29,0.9884262084960938,626,72
30,1.0224626064300537,626,52
31,1.0575792789459229,627,32
32,1.0908002853393555,628,12
33,1.124091386795044,629,-7
34,1.1571788787841797,629,12
35,1.1912198066711426,630,32
36,1.2257733345031738,631,52
37,1.259059190750122,632,72
38,1.2922065258026123,632,92
39,1.3267557621002197,633,112
40,1.3601903915405273,634,132
41,1.3938124179840088,635,152
42,1.4269635677337646,635,172
43,1.4596731662750244,636,192
44,1.500807762145996,637,212
45,1.5349555015563965,637,232
46,1.5684096813201904,638,252
47,1.6018226146697998,639,272
48,1.634453296661377,640,292
49,1.6682841777801514,640,312
50,1.70212984085083,641,332
51,1.7352867126464844,642,352
52,1.768519401550293,643,372
53,1.8020195960998535,643,392
54,1.8365416526794434,644,412
55,1.86977219581604,645,432
56,1.9040234088897705,646,452
57,1.9383862018585205,646,472
58,1.972330093383789,647,492
59,2.0067903995513916,648,512
60,2.0403339862823486,649,532
61,2.074733257293701,649,552
62,2.1083433628082275,650,572
63,2.1421520709991455,651,592
64,2.1766176223754883,652,612
65,2.210651159286499,652,632
66,2.24436354637146,653,652
67,2.2781481742858887,654,672
68,2.3115949630737305,655,692
69,2.345526933670044,655,712
70,2.3792269229888916,656,692
71,2.41336727142334,657,672
72,2.4476046562194824,658,652
73,2.4808788299560547,658,632
74,2.5141193866729736,659,612
75,2.547034740447998,660,592
76,2.580213785171509,661,572
77,2.613652467727661,661,552
78,2.6472418308258057,662,532
79,2.68101167678833,663,512
80,2.714310646057129,664,492
81,2.7482547760009766,664,472
82,2.7822861671447754,665,452
83,2.8167595863342285,666,432
84,2.850059747695923,667,412
85,2.883211851119995,667,392
86,2.9174013137817383,668,372
87,2.9508752822875977,669,352
88,2.9844465255737305,670,332
89,3.018127918243408,670,312
90,3.0504562854766846,671,292
91,3.0840704441070557,672,272
92,3.1168622970581055,673,252
93,3.149832010269165,673,232
94,3.182527780532837,674,212
95,3.216021776199341,675,192
96,3.2493765354156494,676,172
97,3.2828285694122314,676,152
98,3.3158581256866455,677,132
99,3.3482675552368164,678,112
100,3.382094144821167,679,92
101,3.4149539470672607,679,72
102,3.4485037326812744,680,52
103,3.481316566467285,681,32
104,3.5156071186065674,682,12
105,3.548560380935669,682,-7
106,3.5825300216674805,683,12
107,3.6161410808563232,684,32
108,3.650287628173828,685,52
109,3.6844513416290283,685,72
110,3.718277931213379,686,92
111,3.751913070678711,687,112
112,3.785856008529663,688,132
113,3.8193154335021973,688,152
114,3.8538882732391357,689,172
115,3.887711763381958,690,192
116,3.921126127243042,691,212
117,3.954528570175171,691,232
118,3.988502025604248,692,252
119,4.0215959548950195,693,272
120,4.055017471313477,693,292
121,4.088219404220581,694,312
122,4.122738361358643,695,332
123,4.156346321105957,696,352
124,4.190721273422241,696,372
125,4.22462010383606,697,392
126,4.258346796035767,698,412
127,4.291664361953735,699,432
128,4.325517416000366,699,452
129,4.3593690395355225,700,472
130,4.3929362297058105,701,492
131,4.426167249679565,702,512
132,4.459979772567749,702,532
133,4.493831634521484,703,552
134,4.527083158493042,704,572
135,4.560885429382324,705,592
136,4.5940423011779785,705,612
137,4.627436637878418,706,632
138,4.661389350891113,707,652
139,4.695387601852417,708,672
140,4.729179859161377,708,692
141,4.762773036956787,709,712
142,4.796472549438477,710,692
143,4.830507278442383,711,672
144,4.863826036453247,711,652
145,4.897863149642944,712,632
146,4.9311909675598145,713,612
147,4.965809345245361,714,592
148,4.999475479125977,714,572
149,5.033226728439331,715,552
150,5.067435026168823,716,532
151,5.100687026977539,717,512
152,5.134735584259033,717,492
153,5.168204307556152,718,472
154,5.2022788524627686,719,452
155,5.236380338668823,720,432
156,5.270220756530762,720,412
157,5.30403208732605,721,392
158,5.3371336460113525,722,372
159,5.370557069778442,723,352
160,5.405100584030151,723,332
161,5.438368558883667,724,312
162,5.472403287887573,725,292
163,5.506631135940552,726,272
164,5.539425849914551,726,252
165,5.574328660964966,727,232
166,5.608510732650757,728,212
167,5.642270565032959,729,192
168,5.676125526428223,729,172
169,5.708484411239624,730,152
170,5.742876768112183,731,132
171,5.776183605194092,732,112
172,5.80927300453186,732,92
173,5.843084335327148,733,72
174,5.876558303833008,734,52
175,5.910208463668823,735,32
176,5.943645715713501,735,12
177,5.977248668670654,736,-7
178,6.011805295944214,737,12
179,6.045204162597656,738,32
180,6.0790956020355225,738,52
181,6.113479852676392,739,72
182,6.147255897521973,740,92
183,6.180563926696777,741,112
184,6.214579820632935,741,132
185,6.248261451721191,742,152
186,6.281755447387695,743,172
187,6.315515995025635,744,192
188,6.3490729331970215,744,212
189,6.382750988006592,745,232
190,6.4157233238220215,746,252
191,6.449363946914673,746,272
192,6.483430862426758,747,292
193,6.5172529220581055,748,312
194,6.551109552383423,749,332
195,6.584347724914551,749,352
196,6.618324279785156,750,372
197,6.651931285858154,751,392
198,6.685445070266724,752,412
199,6.719670534133911,752,432
200,6.7527756690979,753,452
201,6.78613543510437,754,472
202,6.8206565380096436,755,492
203,6.854132413864136,755,512
204,6.88716721534729,756,532
205,6.9221014976501465,757,552
206,6.9548420906066895,758,572
207,6.987797975540161,758,592
208,7.022069931030273,759,612
209,7.05543327331543,760,632
210,7.08946967124939,761,652
211,7.123215913772583,761,672
212,7.15668797492981,762,692
213,7.190007209777832,763,712
214,7.222667455673218,764,692
215,7.255896091461182,764,672
216,7.288931131362915,765,652
217,7.322576999664307,766,632
218,7.356321573257446,767,612
219,7.39030385017395,767,592
220,7.423890590667725,768,572
221,7.4565417766571045,769,552
222,7.490271091461182,770,532
223,7.523708820343018,770,512
224,7.556246519088745,771,492
225,7.5901641845703125,772,472
226,7.62409520149231,773,452
227,7.656909227371216,773,432
228,7.690113067626953,774,412
229,7.724107027053833,775,392
230,7.756523609161377,776,372
231,7.790415048599243,776,352
232,7.824703693389893,777,332
233,7.858173608779907,778,312
234,7.892723083496094,779,292
235,7.927110910415649,779,272
236,7.9599609375,780,252
237,7.992804050445557,781,232
238,8.026575326919556,782,212
239,8.060408353805542,782,192
240,8.094342708587646,783,172
241,8.128509998321533,784,152
242,8.162174701690674,785,132
243,8.196392297744751,785,112
244,8.230552911758423,786,92
245,8.264265298843384,787,72
246,8.298150300979614,788,52
247,8.332831144332886,788,32
248,8.366790294647217,789,12
249,8.399776458740234,790,-7
250,8.43333125114441,791,12
251,8.466965436935425,791,32
252,8.500636339187622,792,52
253,8.534382104873657,793,72
254,8.56837248802185,794,92
255,8.601877689361572,794,112
256,8.635587930679321,795,132
257,8.669220924377441,796,152
258,8.702457189559937,797,172
259,8.736797094345093,797,192
260,8.770209789276123,798,212
261,8.804725170135498,799,232
262,8.837822437286377,800,252
263,8.870904684066772,800,272
264,8.90443468093872,801,292
265,8.93831491470337,802,312
266,8.972134351730347,802,332
267,9.004455089569092,803,352
268,9.038186073303223,804,372
269,9.071824789047241,805,392
270,9.105184316635132,805,412
271,9.139198303222656,806,432
272,9.172464847564697,807,452
273,9.206567764282227,808,472
274,9.240552186965942,808,492
275,9.273905754089355,809,512
276,9.307243824005127,810,532
277,9.341176748275757,811,552
278,9.375112295150757,811,572
279,9.40841007232666,812,592
280,9.442229986190796,813,612
281,9.475780963897705,814,632
282,9.509769439697266,814,652
283,9.542581796646118,815,672
284,9.575515508651733,816,692
285,9.60989499092102,817,712
286,9.643099308013916,817,692
287,9.676225900650024,818,672
288,9.71019959449768,819,652
289,9.743422031402588,820,632
290,9.776516437530518,820,612
291,9.809435844421387,821,592
292,9.843372106552124,822,572
293,9.876843214035034,823,552
294,9.90951657295227,823,532
295,9.942716598510742,824,512
296,9.976686954498291,825,492
297,10.009382247924805,826,472
298,10.042458295822144,826,452
299,10.076021432876587,827,432
300,10.109272241592407,828,412
301,10.1438148021698,829,392
302,10.1784827709198,829,372
303,10.21204423904419,830,352
304,10.245352983474731,831,332
305,10.279446363449097,832,312
306,10.312434434890747,832,292
307,10.345729112625122,833,272
308,10.378400087356567,834,252
309,10.412114381790161,835,232
310,10.4444260597229,835,212
311,10.478520631790161,836,192
312,10.512689113616943,837,172
313,10.54668378829956,838,152
314,10.579672813415527,838,132
315,10.613134622573853,839,112
316,10.645646810531616,840,92
317,10.678504705429077,841,72
318,10.711826801300049,841,52
319,10.745918273925781,842,32
320,10.779557466506958,843,12
321,10.813831329345703,844,-7
322,10.846898078918457,844,12
323,10.880286693572998,845,32
324,10.913755655288696,846,52
325,10.946323156356812,847,72
326,10.980261325836182,847,92
327,11.014036417007446,848,112
328,11.046712398529053,849,132
329,11.080195426940918,850,152
330,11.114645957946777,850,172
331,11.148510217666626,851,192
332,11.182327508926392,852,212
333,11.216219186782837,853,232
334,11.250274896621704,853,252
335,11.283331155776978,854,272
336,11.318293333053589,855,292
337,11.352367639541626,856,312
338,11.38614797592163,856,332
339,11.420058727264404,857,352
340,11.452976703643799,858,372
341,11.4861478805542,858,392
342,11.519906044006348,859,412
343,11.553782939910889,860,432
344,11.587516784667969,861,452
345,11.620737791061401,861,472
346,11.65334439277649,862,492
347,11.687834739685059,863,512
348,11.721534013748169,864,532
349,11.755422115325928,864,552
350,11.789685726165771,865,572
351,11.823364019393921,866,592
352,11.856857538223267,867,612
353,11.890174627304077,867,632
354,11.924156188964844,868,652
355,11.958431243896484,869,672
356,11.992594003677368,870,692
357,12.026383638381958,870,712
358,12.060055494308472,871,692
359,12.093448877334595,872,672
360,12.127209424972534,873,652
361,12.160740852355957,873,632
362,12.194129705429077,874,612
363,12.227614164352417,875,592
364,12.260658979415894,876,572
365,12.294426918029785,876,552
366,12.32831358909607,877,532
367,12.36260175704956,878,512
368,12.395407676696777,879,492
369,12.428592920303345,879,472
370,12.461458444595337,880,452
371,12.495834112167358,881,432
372,12.528862237930298,882,412
373,12.561849594116211,882,392
374,12.59428596496582,883,372
375,12.62852144241333,884,352
376,12.662378311157227,885,332
377,12.695668935775757,885,312
378,12.72872018814087,886,292
379,12.761945486068726,887,272
380,12.795238971710205,888,252
381,12.828886270523071,888,232
382,12.86225700378418,889,212
383,12.896398782730103,890,192
384,12.93080449104309,891,172
385,12.964718103408813,891,152
386,12.998358488082886,892,132
387,13.032358407974243,893,112
388,13.06583023071289,894,92
389,13.098551273345947,894,72
390,13.132317066192627,895,52
391,13.166391134262085,896,32
392,13.20102047920227,897,12
393,13.233622312545776,897,-7
394,13.26676344871521,898,12
395,13.300776958465576,899,32
396,13.334208726882935,900,52
397,13.368480443954468,900,72
398,13.401855230331421,901,92
399,13.435327053070068,902,112
400,13.469210147857666,903,132
401,13.503180027008057,903,152
402,13.537455081939697,904,172
403,13.57103943824768,905,192
404,13.604602336883545,906,212
405,13.638398170471191,906,232
406,13.67269229888916,907,252
407,13.705790519714355,908,272
408,13.739241361618042,909,292
409,13.77341604232788,909,312
410,13.807344436645508,910,332
411,13.841752529144287,911,352
412,13.874775409698486,912,372
413,13.907560586929321,912,392
414,13.941237449645996,913,412
415,13.9754478931427,914,432
416,14.00943899154663,914,452
417,14.042235374450684,915,472
418,14.076441526412964,916,492
419,14.109367847442627,917,512
420,14.143031358718872,917,532
421,14.175753116607666,918,552
422,14.209897518157959,919,572
423,14.243499755859375,920,592
424,14.276512861251831,920,612
425,14.310722351074219,921,632
426,14.343912601470947,922,652
427,14.377169370651245,923,672
428,14.41141653060913,923,692
429,14.44459342956543,924,712
430,14.478436708450317,925,692
431,14.512036085128784,926,672
432,14.545849323272705,926,652
433,14.578810691833496,927,632
434,14.612858533859253,928,612
435,14.646043062210083,929,592
436,14.679392099380493,929,572
437,14.714415311813354,930,552
438,14.748203039169312,931,532
439,14.782261610031128,932,512
440,14.815961837768555,932,492
441,14.848936080932617,933,472
442,14.882565975189209,934,452
443,14.916067600250244,935,432
444,14.94895052909851,935,412
445,14.983579874038696,936,392
446,15.016807079315186,937,372
447,15.049789905548096,938,352
448,15.083686351776123,938,332
449,15.117225170135498,939,312
450,15.150721311569214,940,292
451,15.184190273284912,941,272
452,15.218358039855957,941,252
453,15.252811431884766,942,232
454,15.286416053771973,943,212
455,15.320046663284302,944,192
456,15.353353500366211,944,172
457,15.387171268463135,945,152
458,15.420976638793945,946,132
459,15.454754114151001,947,112
460,15.4883131980896,947,92
461,15.522101402282715,948,72
462,15.555946588516235,949,52
463,15.58942461013794,950,32
464,15.623345613479614,950,12
465,15.656712293624878,951,-7
466,15.689748048782349,952,12
467,15.723397254943848,953,32
468,15.757304668426514,953,52
469,15.790831327438354,954,72
470,15.823609590530396,955,92
471,15.856763124465942,956,112
472,15.88925838470459,956,132
473,15.923189163208008,957,152
474,15.95660400390625,958,172
475,15.989604949951172,959,192
476,16.022902250289917,959,212
477,16.05596923828125,960,232
478,16.088499784469604,961,252
479,16.12228536605835,962,272
480,16.156989336013794,962,292
481,16.189643621444702,963,312
482,16.22304391860962,964,332
483,16.256269454956055,965,352
484,16.29079294204712,965,372
485,16.324323892593384,966,392
486,16.35781240463257,967,412
487,16.391895294189453,967,432
488,16.42468523979187,968,452
489,16.458460330963135,969,472
490,16.492977380752563,970,492
491,16.52658486366272,970,512
492,16.559564352035522,971,532
493,16.593648433685303,972,552
494,16.627597332000732,973,572
495,16.661242485046387,973,592
496,16.695383310317993,974,612
497,16.729502201080322,975,632
498,16.763633012771606,976,652
499,16.79680299758911,976,672
500,16.830034732818604,977,692
501,16.863202333450317,978,712
502,16.897351503372192,979,692
503,16.931474924087524,979,672
504,16.964986085891724,980,652
505,16.99939489364624,981,632
506,17.033573150634766,982,612
507,17.06671905517578,982,592
508,17.100394248962402,983,572
509,17.134751081466675,984,552
510,17.168181657791138,985,532
511,17.201791286468506,985,512
512,17.23454213142395,986,492
513,17.268192768096924,987,472
514,17.30217981338501,988,452
515,17.336506843566895,988,432
516,17.370707035064697,989,412
517,17.40490198135376,990,392
518,17.43854069709778,991,372
519,17.47211742401123,991,352
520,17.504783630371094,992,332
521,17.538283348083496,993,312
522,17.57267189025879,994,292
523,17.605847358703613,994,272
524,17.63943314552307,995,252
525,17.672749519348145,996,232
526,17.705734968185425,997,212
527,17.73933243751526,997,192
528,17.773576259613037,998,172
529,17.808433055877686,999,152
530,17.841642379760742,1000,132
531,17.874709606170654,1000,112
532,17.90818691253662,1001,92
533,17.941293001174927,1002,72
534,17.974950551986694,1003,52
535,18.008184909820557,1003,32
536,18.041914701461792,1004,12
537,18.07467031478882,1005,-7
538,18.108314037322998,1006,12
539,18.14246940612793,1006,32
540,18.176526308059692,1007,52
541,18.210166454315186,1008,72
542,18.244152545928955,1009,92
543,18.278448343276978,1009,112
544,18.312131643295288,1010,132
545,18.345235109329224,1011,152
546,18.378793954849243,1012,172
547,18.41210436820984,1012,192
548,18.445224285125732,1013,212
549,18.479141235351562,1014,232
550,18.513421297073364,1015,252
551,18.547561645507812,1015,272
552,18.581656455993652,1016,292
553,18.615198373794556,1017,312
554,18.649363040924072,1018,332
555,18.683189153671265,1018,352
556,18.717368602752686,1019,372
557,18.750832319259644,1020,392
558,18.784316778182983,1021,412
559,18.818142414093018,1021,432
560,18.852255821228027,1022,452
561,18.886763095855713,1023,472
562,18.92038869857788,1023,492
563,18.953847885131836,1024,512
564,18.986992120742798,1025,532
565,19.020228385925293,1026,552
566,19.054166078567505,1026,572
567,19.088130235671997,1027,592
568,19.12136459350586,1028,612
569,19.15450358390808,1029,632
570,19.1878342628479,1029,652
571,19.22037959098816,1030,672
572,19.254196166992188,1031,692
573,19.287391424179077,1032,712
574,19.321595191955566,1032,692
575,19.354892253875732,1033,672
576,19.388445138931274,1034,652
577,19.422866344451904,1035,632
578,19.456316471099854,1035,612
579,19.49038600921631,1036,592
580,19.523366928100586,1037,572
581,19.55761981010437,1038,552
582,19.59186029434204,1038,532
583,19.625601768493652,1039,512
584,19.658694982528687,1040,492
585,19.692264080047607,1041,472
586,19.7262020111084,1041,452
587,19.759719610214233,1042,432
588,19.7933349609375,1043,412
589,19.827175855636597,1044,392
590,19.86103582382202,1044,372
591,19.894043684005737,1045,352
592,19.926711320877075,1046,332
593,19.960161447525024,1047,312
594,19.994426012039185,1047,292
595,20.027782201766968,1048,272
596,20.060896158218384,1049,252
597,20.094796657562256,1050,232
598,20.128344297409058,1050,212
599,20.16136598587036,1051,192
600,20.19508719444275,1052,172
601,20.22858166694641,1053,152
602,20.262605905532837,1053,132
603,20.296321868896484,1054,112
604,20.33028507232666,1055,92
605,20.363845586776733,1056,72
606,20.396828651428223,1056,52
607,20.429625272750854,1057,32
608,20.463323831558228,1058,12
609,20.49657678604126,1059,-7
610,20.530303239822388,1059,12
611,20.56376338005066,1060,32
612,20.597009420394897,1061,52
613,20.629923343658447,1062,72
614,20.663454294204712,1062,92
615,20.696800708770752,1063,112
616,20.730101823806763,1064,132
617,20.762717485427856,1065,152
618,20.7963924407959,1065,172
619,20.829795122146606,1066,192
620,20.86340093612671,1067,212
621,20.89737629890442,1068,232
622,20.931994438171387,1068,252
623,20.96500062942505,1069,272
624,20.998468160629272,1070,292
625,21.032461643218994,1071,312
626,21.066832304000854,1071,332
627,21.100526332855225,1072,352
628,21.134333848953247,1073,372
629,21.168510913848877,1074,392
630,21.202202558517456,1074,412
631,21.236483335494995,1075,432
632,21.270747900009155,1076,452
633,21.3050479888916,1077,472
634,21.33835530281067,1077,492
635,21.372803688049316,1078,512
636,21.40641760826111,1079,532
637,21.440804958343506,1079,552
638,21.473428964614868,1080,572
639,21.506871223449707,1081,592
640,21.53986167907715,1082,612
641,21.57451891899109,1082,632
642,21.60838270187378,1083,652
643,21.64157509803772,1084,672
644,21.67550539970398,1085,692
645,21.70858931541443,1085,712
646,21.74240207672119,1086,692
647,21.77665066719055,1087,672
648,21.81041193008423,1088,652
649,21.844033002853394,1088,632
650,21.87726926803589,1089,612
651,21.910597562789917,1090,592
652,21.943780422210693,1091,572
653,21.977437257766724,1091,552
654,22.011378526687622,1092,532
655,22.04476284980774,1093,512
656,22.07822299003601,1094,492
657,22.112309455871582,1094,472
658,22.145817756652832,1095,452
659,22.17970108985901,1096,432
660,22.21362018585205,1097,412
661,22.24709129333496,1097,392
662,22.280098915100098,1098,372
663,22.313938856124878,1099,352
664,22.347634315490723,1100,332
665,22.380717039108276,1100,312
666,22.414281368255615,1101,292
667,22.448127508163452,1102,272
668,22.481738567352295,1103,252
669,22.51494073867798,1103,232
670,22.547505378723145,1104,212
671,22.58090615272522,1105,192
672,22.61427092552185,1106,172
673,22.648439645767212,1106,152
674,22.682822704315186,1107,132
675,22.71639394760132,1108,112
676,22.750194787979126,1109,92
677,22.784104108810425,1109,72
678,22.81644916534424,1110,52
679,22.850329637527466,1111,32
680,22.884482860565186,1112,12
681,22.91836190223694,1112,-7
682,22.95206069946289,1113,12
683,22.98551368713379,1114,32
684,23.018615245819092,1115,52
685,23.05189275741577,1115,72
686,23.084935903549194,1116,92
687,23.11846685409546,1117,112
688,23.15159320831299,1118,132
689,23.18473720550537,1118,152
690,23.218204975128174,1119,172
691,23.25157928466797,1120,192
692,23.284904956817627,1121,212
693,23.317530870437622,1121,232
694,23.351202249526978,1122,252
695,23.38475775718689,1123,272
696,23.417484283447266,1124,292
697,23.451704263687134,1124,312
698,23.484689950942993,1125,332
699,23.518311977386475,1126,352
700,23.552213191986084,1127,372
701,23.586806058883667,1127,392
702,23.620107889175415,1128,412
703,23.65283465385437,1129,432
704,23.687347888946533,1130,452
705,23.72151207923889,1130,472
706,23.755752563476562,1131,492
707,23.789215564727783,1132,512
708,23.823182106018066,1133,532
709,23.857179880142212,1133,552
710,23.891270399093628,1134,572
711,23.925652265548706,1135,592
712,23.95906400680542,1135,612
713,23.99217200279236,1136,632
714,24.02564549446106,1137,652
715,24.05923104286194,1138,672
716,24.093549251556396,1138,692
717,24.127917289733887,1139,712
718,24.1620934009552,1140,692
719,24.195884704589844,1141,672
720,24.22960662841797,1141,652
721,24.262738943099976,1142,632
722,24.29608988761902,1143,612
723,24.329260110855103,1144,592
724,24.36380696296692,1144,572
725,24.397012948989868,1145,552
726,24.430002689361572,1146,532
727,24.46330213546753,1147,512
728,24.497018575668335,1147,492
729,24.530576705932617,1148,472
730,24.56398034095764,1149,452
731,24.598273038864136,1150,432
732,24.632062196731567,1150,412
733,24.66473364830017,1151,392
734,24.69835591316223,1152,372
735,24.732059240341187,1153,352
736,24.765000820159912,1153,332
737,24.798524618148804,1154,312
738,24.831952571868896,1155,292
739,24.86562156677246,1156,272
740,24.899552583694458,1156,252
741,24.93299436569214,1157,232
742,24.965907096862793,1158,212
743,24.99925923347473,1159,192
744,25.033226490020752,1159,172
745,25.067298412322998,1160,152
746,25.100517988204956,1161,132
747,25.13380241394043,1162,112
748,25.16761589050293,1162,92
749,25.201876401901245,1163,72
750,25.23523259162903,1164,52
751,25.269511461257935,1165,32
752,25.303011417388916,1165,12
753,25.33626699447632,1166,-7
754,25.370524644851685,1167,12
755,25.40443181991577,1168,32
756,25.437584400177002,1168,52
757,25.471068620681763,1169,72
758,25.504173755645752,1170,92
759,25.538150310516357,1171,112
760,25.572505950927734,1171,132
761,25.606252193450928,1172,152
762,25.639992713928223,1173,172
763,25.67322063446045,1174,192
764,25.70719861984253,1174,212
765,25.741976499557495,1175,232
766,25.775327682495117,1176,252
767,25.80842399597168,1177,272
768,25.841935634613037,1177,292
769,25.874862909317017,1178,312
770,25.908435821533203,1179,332
771,25.942152500152588,1180,352
772,25.97565197944641,1180,372
773,26.008963584899902,1181,392
774,26.042240142822266,1182,412
775,26.076029300689697,1183,432
776,26.109546899795532,1183,452
777,26.142448902130127,1184,472
778,26.175652027130127,1185,492
779,26.20845603942871,1186,512
780,26.242671012878418,1186,532
781,26.276224851608276,1187,552
782,26.30961775779724,1188,572
783,26.34324073791504,1188,592
784,26.377458572387695,1189,612
785,26.411402702331543,1190,632
786,26.445418119430542,1191,652
787,26.47921895980835,1191,672
788,26.513998985290527,1192,692
789,26.547304153442383,1193,712
790,26.58147358894348,1194,692
791,26.614566326141357,1194,672
792,26.64826273918152,1195,652
793,26.682576417922974,1196,632
794,26.71693253517151,1197,612
795,26.750595331192017,1197,592
796,26.784669160842896,1198,572
797,26.81832003593445,1199,552
798,26.85254693031311,1200,532
799,26.885392904281616,1200,512
800,26.91852641105652,1201,492
801,26.95210862159729,1202,472
802,26.98494243621826,1203,452
803,27.018611192703247,1203,432
804,27.052472591400146,1204,412
805,27.085595846176147,1205,392
806,27.11919403076172,1206,372
807,27.153279781341553,1206,352
808,27.187502145767212,1207,332
809,27.221492052078247,1208,312
810,27.25538682937622,1209,292
811,27.288830757141113,1209,272
812,27.322481393814087,1210,252
813,27.355958700180054,1211,232
814,27.388588190078735,1212,212
815,27.421281576156616,1212,192
816,27.45465588569641,1213,172
817,27.48853898048401,1214,152
818,27.52227783203125,1215,132
819,27.556960344314575,1215,112
820,27.590529441833496,1216,92
821,27.62444281578064,1217,72
822,27.658345222473145,1218,52
823,27.692891836166382,1218,32
824,27.726390600204468,1219,12
825,27.760960578918457,1220,-7
826,27.794177055358887,1221,12
827,27.828238248825073,1221,32
828,27.862035274505615,1222,52
829,27.89531373977661,1223,72
830,27.929069995880127,1224,92
831,27.962437391281128,1224,112
832,27.996360540390015,1225,132
833,28.03065061569214,1226,152
834,28.06447124481201,1227,172
835,28.09864616394043,1227,192
836,28.13165831565857,1228,212
837,28.16538095474243,1229,232
838,28.199496746063232,1230,252
839,28.23293447494507,1230,272
840,28.26617431640625,1231,292
841,28.300735473632812,1232,312
842,28.33427858352661,1233,332
843,28.36849808692932,1233,352
844,28.40165400505066,1234,372
845,28.43444323539734,1235,392
846,28.46795415878296,1236,412
847,28.501173973083496,1236,432
848,28.535974502563477,1237,452
849,28.569486379623413,1238,472
850,28.603861093521118,1239,492
851,28.63737988471985,1239,512
852,28.67150855064392,1240,532
853,28.70505142211914,1241,552
854,28.738511562347412,1242,572
855,28.772541761398315,1242,592
856,28.806368589401245,1243,612
857,28.84079885482788,1244,632
858,28.874427318572998,1244,652
859,28.90832281112671,1245,672
860,28.943269968032837,1246,692
861,28.977157592773438,1247,712
862,29.01074743270874,1247,692
863,29.044320583343506,1248,672
864,29.07837677001953,1249,652
865,29.111721515655518,1250,632
866,29.1453115940094,1250,612
867,29.179595708847046,1251,592
868,29.213310480117798,1252,572
869,29.246867179870605,1253,552
870,29.2795307636261,1253,532
871,29.31331753730774,1254,512
872,29.347307443618774,1255,492
873,29.3809757232666,1256,472
874,29.41499924659729,1256,452
875,29.448062896728516,1257,432
876,29.48142957687378,1258,412
877,29.515413999557495,1259,392
878,29.549628019332886,1259,372
879,29.58412790298462,1260,352
880,29.618125677108765,1261,332
881,29.65172052383423,1262,312
882,29.68587064743042,1262,292
883,29.71917486190796,1263,272
884,29.75351643562317,1264,252
885,29.788137912750244,1265,232
886,29.820680379867554,1265,212
887,29.854195594787598,1266,192
888,29.88834238052368,1267,172
889,29.922237157821655,1268,152
890,29.95604419708252,1268,132
891,29.98993682861328,1269,112
892,30.0224826335907,1270,92
893,30.0557279586792,1271,72
894,30.089455127716064,1271,52
895,30.12280821800232,1272,32
896,30.155975341796875,1271,12
897,30.18915367126465,1271,-7
898,30.22315549850464,1270,12
899,30.25654935836792,1269,32
900,30.289671659469604,1268,52
901,30.323763608932495,1268,72
902,30.356656074523926,1267,92
903,30.3901629447937,1266,112
904,30.424103021621704,1265,132
905,30.458364725112915,1265,152
906,30.492104530334473,1264,172
907,30.52551507949829,1263,192
908,30.558990001678467,1262,212
909,30.592323541641235,1262,232
910,30.62624216079712,1261,252
911,30.660316228866577,1260,272
912,30.694548845291138,1259,292
913,30.727795124053955,1259,312
914,30.761107444763184,1258,332
915,30.79490852355957,1257,352
916,30.827941179275513,1256,372
917,30.860912799835205,1256,392
918,30.893253326416016,1255,412
919,30.927051782608032,1254,432
920,30.960230827331543,1253,452
921,30.994869709014893,1253,472
922,31.02755308151245,1252,492
923,31.06120276451111,1251,512
924,31.09511661529541,1250,532
925,31.12833595275879,1250,552
926,31.162125825881958,1249,572
927,31.195414066314697,1248,592
928,31.22835922241211,1247,612
929,31.261699438095093,1247,632
930,31.295204162597656,1246,652
931,31.32923698425293,1245,672
932,31.363176345825195,1244,692
933,31.39824366569519,1244,712
934,31.432847023010254,1243,692
935,31.46610975265503,1242,672
936,31.499591588974,1242,652
937,31.53387141227722,1241,632
938,31.566561698913574,1240,612
939,31.60063076019287,1239,592
940,31.6336452960968,1239,572
941,31.66758441925049,1238,552
942,31.70115327835083,1237,532
943,31.735662937164307,1236,512
944,31.76852512359619,1236,492
945,31.802310466766357,1235,472
946,31.836318969726562,1234,452
947,31.869858264923096,1233,432
948,31.902635097503662,1233,412
949,31.937116384506226,1232,392
950,31.970025777816772,1231,372
951,32.00342631340027,1230,352
952,32.03711128234863,1230,332
953,32.07009553909302,1229,312
954,32.10347104072571,1228,292
955,32.13706183433533,1227,272
956,32.16996788978577,1227,252
957,32.20269227027893,1226,232
958,32.2363703250885,1225,212
959,32.27025008201599,1224,192
960,32.30424165725708,1224,172
961,32.33815670013428,1223,152
962,32.3721079826355,1222,132
963,32.404950857162476,1221,112
964,32.43794369697571,1221,92
965,32.47148609161377,1220,72
966,32.50468468666077,1219,52
967,32.537436962127686,1218,32
968,32.5707893371582,1218,12
969,32.603792667388916,1217,-7
970,32.63742470741272,1216,12
971,32.671005725860596,1215,32
972,32.70366954803467,1215,52
973,32.73643231391907,1214,72
974,32.77001595497131,1213,92
975,32.803356409072876,1212,112
976,32.83707070350647,1212,132
977,32.869537115097046,1211,152
978,32.90444207191467,1210,172
979,32.938262939453125,1209,192
980,32.97185802459717,1209,212
981,33.00525784492493,1208,232
982,33.039024353027344,1207,252
983,33.07221031188965,1206,272
984,33.10610246658325,1206,292
985,33.139543533325195,1205,312
986,33.17286992073059,1204,332
987,33.20621681213379,1203,352
988,33.23971438407898,1203,372
989,33.27237391471863,1202,392
990,33.30572843551636,1201,412
991,33.34001636505127,1200,432
992,33.373289585113525,1200,452
993,33.408611536026,1199,472
994,33.44185209274292,1198,492
995,33.47558808326721,1197,512
996,33.50922751426697,1197,532
997,33.54361081123352,1196,552
998,33.57702660560608,1195,572
999,33.61123967170715,1194,592
1000,33.64520001411438,1194,612
1001,33.6794490814209,1193,632
1002,33.71255397796631,1192,652
1003,33.746182441711426,1191,672
1004,33.77985119819641,1191,692
1005,33.81341218948364,1190,712
1006,33.84697198867798,1189,692
1007,33.88017821311951,1188,672
1008,33.91475510597229,1188,652
1009,33.94820857048035,1187,632
1010,33.98224663734436,1186,612
1011,34.0164852142334,1186,592
1012,34.050541400909424,1185,572
1013,34.08426547050476,1184,552
1014,34.11824321746826,1183,532
1015,34.15176224708557,1183,512
1016,34.185429096221924,1182,492
1017,34.219001054763794,1181,472
1018,34.251540660858154,1180,452
1019,34.28559994697571,1180,432
1020,34.31888961791992,1179,412
1021,34.352861642837524,1178,392
1022,34.38686943054199,1177,372
1023,34.4200701713562,1177,352
1024,34.45303678512573,1176,332
1025,34.48617124557495,1175,312
1026,34.52019429206848,1174,292
1027,34.55484700202942,1174,272
1028,34.588247537612915,1173,252
1029,34.621798515319824,1172,232
1030,34.655630111694336,1171,212
1031,34.6892032623291,1171,192
1032,34.72337007522583,1170,172
1033,34.7570013999939,1169,152
1034,34.790529012680054,1168,132
1035,34.82458186149597,1168,112
1036,34.85840940475464,1167,92
1037,34.89155054092407,1166,72
1038,34.924896478652954,1165,52
1039,34.958157539367676,1165,32
1040,34.99217939376831,1164,12
1041,35.027159452438354,1163,-7
1042,35.060364723205566,1162,12
1043,35.094542264938354,1162,32
1044,35.12829065322876,1161,52
1045,35.161656618118286,1160,72
1046,35.19554281234741,1159,92
1047,35.22900438308716,1159,112
1048,35.2617244720459,1158,132
1049,35.295384883880615,1157,152
1050,35.328694105148315,1156,172
1051,35.36250829696655,1156,192
1052,35.396188497543335,1155,212
1053,35.42968440055847,1154,232
1054,35.463090896606445,1153,252
1055,35.4961314201355,1153,272
1056,35.528597354888916,1152,292
1057,35.56228446960449,1151,312
1058,35.59616804122925,1150,332
1059,35.6299684047699,1150,352
1060,35.66246485710144,1149,372
1061,35.69589352607727,1148,392
1062,35.72856950759888,1147,412
1063,35.76246666908264,1147,432
1064,35.795435190200806,1146,452
1065,35.830379486083984,1145,472
1066,35.864905834198,1144,492
1067,35.89829754829407,1144,512
1068,35.93204951286316,1143,532
1069,35.965362787246704,1142,552
1070,35.99901628494263,1141,572
1071,36.032379150390625,1141,592
1072,36.06614851951599,1140,612
1073,36.10039210319519,1139,632
1074,36.134578704833984,1138,652
1075,36.16791558265686,1138,672
1076,36.20075488090515,1137,692
1077,36.234923124313354,1136,712
1078,36.268248081207275,1135,692
1079,36.30241107940674,1135,672
1080,36.33641743659973,1134,652
1081,36.37091660499573,1133,632
1082,36.404029846191406,1133,612
1083,36.43750858306885,1132,592
1084,36.47118854522705,1131,572
1085,36.5051634311676,1130,552
1086,36.538923025131226,1130,532
1087,36.572206020355225,1129,512
1088,36.606866121292114,1128,492
1089,36.63997507095337,1127,472
1090,36.674283027648926,1127,452
1091,36.708420276641846,1126,432
1092,36.743043184280396,1125,412
1093,36.77653408050537,1124,392
1094,36.80929899215698,1124,372
1095,36.843037605285645,1123,352
1096,36.87618660926819,1122,332
1097,36.90951585769653,1121,312
1098,36.94278597831726,1121,292
1099,36.97590517997742,1120,272
1100,37.00933623313904,1119,252
1101,37.043253660202026,1118,232
1102,37.07705879211426,1118,212
1103,37.110381841659546,1117,192
1104,37.14445495605469,1116,172
1105,37.178629875183105,1115,152
1106,37.212735652923584,1115,132
1107,37.246450662612915,1114,112
1108,37.27971363067627,1113,92
1109,37.31278657913208,1112,72
1110,37.3461754322052,1112,52
1111,37.38063192367554,1111,32
1112,37.41379523277283,1110,12
1113,37.44738173484802,1109,-7
1114,37.48111534118652,1109,12
1115,37.51374101638794,1108,32
1116,37.54674959182739,1107,52
1117,37.580254554748535,1106,72
1118,37.61379361152649,1106,92
1119,37.64730477333069,1105,112
1120,37.68093800544739,1104,132
1121,37.714799642562866,1103,152
1122,37.748358726501465,1103,172
1123,37.781954526901245,1102,192
1124,37.81487965583801,1101,212
1125,37.848148584365845,1100,232
1126,37.88190269470215,1100,252
1127,37.91529297828674,1099,272
1128,37.9491662979126,1098,292
1129,37.98293161392212,1097,312
1130,38.01656675338745,1097,332
1131,38.05042123794556,1096,352
1132,38.08405685424805,1095,372
1133,38.116950273513794,1094,392
1134,38.149982213974,1094,412
1135,38.18253993988037,1093,432
1136,38.21625518798828,1092,452
1137,38.250256299972534,1091,472
1138,38.28420615196228,1091,492
1139,38.31850552558899,1090,512
1140,38.3519172668457,1089,532
1141,38.38521409034729,1088,552
1142,38.41854000091553,1088,572
1143,38.45266246795654,1087,592
1144,38.486037254333496,1086,612
1145,38.51967716217041,1085,632
1146,38.55262207984924,1085,652
1147,38.58559560775757,1084,672
1148,38.61933660507202,1083,692
1149,38.65346932411194,1082,712
1150,38.68734431266785,1082,692
1151,38.72069525718689,1081,672
1152,38.75441598892212,1080,652
1153,38.78860259056091,1079,632
1154,38.82183527946472,1079,612
1155,38.85572290420532,1078,592
1156,38.88982081413269,1077,572
1157,38.92315101623535,1077,552
1158,38.957146644592285,1076,532
1159,38.99038481712341,1075,512
1160,39.024091958999634,1074,492
1161,39.056700706481934,1074,472
1162,39.090532541275024,1073,452
1163,39.12433838844299,1072,432
1164,39.15826773643494,1071,412
1165,39.19186758995056,1071,392
1166,39.22507357597351,1070,372
1167,39.25822687149048,1069,352
1168,39.291770696640015,1068,332
1169,39.32504367828369,1068,312
1170,39.358662366867065,1067,292
1171,39.391958475112915,1066,272
1172,39.42587423324585,1065,252
1173,39.45959734916687,1065,232
1174,39.49243450164795,1064,212
1175,39.52610206604004,1063,192
1176,39.559290170669556,1062,172
1177,39.59261083602905,1062,152
1178,39.62568116188049,1061,132
1179,39.659698724746704,1060,112
1180,39.692869424819946,1059,92
1181,39.72605109214783,1059,72
1182,39.75855779647827,1058,52
1183,39.791606187820435,1057,32
1184,39.82526230812073,1056,12
1185,39.85960578918457,1056,-7
1186,39.892539501190186,1055,12
1187,39.926151275634766,1054,32
1188,39.960031270980835,1053,52
1189,39.99334454536438,1053,72
1190,40.02656364440918,1052,92
1191,40.059921741485596,1051,112
1192,40.09305214881897,1050,132
1193,40.12653875350952,1050,152
1194,40.15943145751953,1049,172
1195,40.19365406036377,1048,192
1196,40.226945877075195,1047,212
1197,40.26077961921692,1047,232
1198,40.295517921447754,1046,252
1199,40.32945895195007,1045,272
1200,40.362918853759766,1044,292
1201,40.39675688743591,1044,312
1202,40.430612564086914,1043,332
1203,40.46374177932739,1042,352
1204,40.49667167663574,1041,372
1205,40.53053593635559,1041,392
1206,40.56344747543335,1040,412
1207,40.597123861312866,1039,432
1208,40.63105034828186,1038,452
1209,40.66426944732666,1038,472
1210,40.69825553894043,1037,492
1211,40.732550621032715,1036,512
1212,40.76636099815369,1035,532
1213,40.799447536468506,1035,552
1214,40.83288216590881,1034,572
1215,40.866342544555664,1033,592
1216,40.90008020401001,1032,612
1217,40.932761430740356,1032,632
1218,40.96670198440552,1031,652
1219,41.00070405006409,1030,672
1220,41.03407621383667,1029,692
1221,41.06821870803833,1029,712
1222,41.10157752037048,1028,692
1223,41.13543224334717,1027,672
1224,41.169360637664795,1026,652
1225,41.20320796966553,1026,632
1226,41.23629856109619,1025,612
1227,41.26925730705261,1024,592
1228,41.30324983596802,1023,572
1229,41.33685302734375,1023,552
1230,41.36977553367615,1022,532
1231,41.403390407562256,1021,512
1232,41.436847448349,1021,492
1233,41.47057867050171,1020,472
1234,41.503517627716064,1019,452
1235,41.53745460510254,1018,432
1236,41.57166624069214,1018,412
1237,41.605273962020874,1017,392
1238,41.639506101608276,1016,372
1239,41.672807693481445,1015,352
1240,41.705775022506714,1015,332
1241,41.73942708969116,1014,312
1242,41.77287030220032,1013,292
1243,41.80542826652527,1012,272
1244,41.838759660720825,1012,252
1245,41.87225604057312,1011,232
1246,41.9059898853302,1010,212
1247,41.939393758773804,1009,192
1248,41.97357797622681,1009,172
1249,42.00624465942383,1008,152
1250,42.0398964881897,1007,132
1251,42.07237243652344,1006,112
1252,42.10648441314697,1006,92
1253,42.140366554260254,1005,72
1254,42.17422008514404,1004,52
1255,42.20848488807678,1003,32
1256,42.241886615753174,1003,12
1257,42.275153160095215,1002,-7
1258,42.30841660499573,1001,12
1259,42.34206438064575,1000,32
1260,42.375194787979126,1000,52
1261,42.40842819213867,999,72
1262,42.442299604415894,998,92
1263,42.47593712806702,997,112
1264,42.509255170822144,997,132
1265,42.54289102554321,996,152
1266,42.575554609298706,995,172
1267,42.60949921607971,994,192
1268,42.6434268951416,994,212
1269,42.67666935920715,993,232
1270,42.70981478691101,992,252
1271,42.743298292160034,991,272
1272,42.77779722213745,991,292
1273,42.81100130081177,990,312
1274,42.84402322769165,989,332
1275,42.877500772476196,988,352
1276,42.91149115562439,988,372
1277,42.94455170631409,987,392
1278,42.978264808654785,986,412
1279,43.0124077796936,985,432
1280,43.04662299156189,985,452
1281,43.080079793930054,984,472
1282,43.11344051361084,983,492
1283,43.147074460983276,982,512
1284,43.18002986907959,982,532
1285,43.21293497085571,981,552
1286,43.24619150161743,980,572
1287,43.27998447418213,979,592
1288,43.313477516174316,979,612
1289,43.3472740650177,978,632
1290,43.38122487068176,977,652
1291,43.415030002593994,976,672
1292,43.44818878173828,976,692
1293,43.48220944404602,975,712
1294,43.51567816734314,974,692
1295,43.549474239349365,973,672
1296,43.582664489746094,973,652
1297,43.61709809303284,972,632
1298,43.650683641433716,971,612
1299,43.6843159198761,970,592
1300,43.71852397918701,970,572
1301,43.75178599357605,969,552
1302,43.78428101539612,968,532
1303,43.81796479225159,967,512
1304,43.850892305374146,967,492
1305,43.883480072021484,966,472
1306,43.916879653930664,965,452
1307,43.94981050491333,965,432
1308,43.98388600349426,964,412
1309,44.017136096954346,963,392
1310,44.05068612098694,962,372
1311,44.08470797538757,962,352
1312,44.118475675582886,961,332
1313,44.15204930305481,960,312
1314,44.18537259101868,959,292
1315,44.21919822692871,959,272
1316,44.25305891036987,958,252
1317,44.286078214645386,957,232
1318,44.31910419464111,956,212
1319,44.35168218612671,956,192
1320,44.38486289978027,955,172
1321,44.41803526878357,954,152
1322,44.450753688812256,953,132
1323,44.483981132507324,953,112
1324,44.51685643196106,952,92
1325,44.55069065093994,951,72
1326,44.58398079872131,950,52
1327,44.61701154708862,950,32
1328,44.650054693222046,949,12
1329,44.682456254959106,948,-7
1330,44.716657638549805,947,12
1331,44.75057411193848,947,32
1332,44.78406119346619,946,52
1333,44.81668043136597,945,72
1334,44.850104093551636,944,92
1335,44.883156538009644,944,112
1336,44.91692757606506,943,132
1337,44.95060324668884,942,152
1338,44.98429846763611,941,172
1339,45.01753854751587,941,192
1340,45.05171275138855,940,212
1341,45.0852165222168,939,232
1342,45.119771242141724,938,252
1343,45.15402102470398,938,272
1344,45.18781852722168,937,292
1345,45.22058415412903,936,312
1346,45.25512504577637,935,332
1347,45.28948354721069,935,352
1348,45.322957038879395,934,372
1349,45.35584092140198,933,392
1350,45.38867902755737,932,412
1351,45.422144174575806,932,432
1352,45.45637583732605,931,452
1353,45.48969340324402,930,472
1354,45.52370762825012,929,492
1355,45.55808067321777,929,512
1356,45.59195876121521,928,532
1357,45.625266313552856,927,552
1358,45.65849161148071,926,572
1359,45.69177865982056,926,592
1360,45.7255380153656,925,612
1361,45.7588996887207,924,632
1362,45.792518854141235,923,652
1363,45.826587438583374,923,672
1364,45.8603630065918,922,692
1365,45.894166707992554,921,712
1366,45.92824172973633,920,692
1367,45.96173572540283,920,672
1368,45.995136976242065,919,652
1369,46.029481649398804,918,632
1370,46.063690423965454,917,612
1371,46.09664583206177,917,592
1372,46.13008236885071,916,572
1373,46.16392755508423,915,552
1374,46.19729423522949,914,532
1375,46.231011152267456,914,512
1376,46.2637779712677,913,492
1377,46.297072410583496,912,472
1378,46.32982301712036,912,452
1379,46.36363434791565,911,432
1380,46.39642691612244,910,412
1381,46.43064785003662,909,392
1382,46.463950872421265,909,372
1383,46.496859550476074,908,352
1384,46.53028130531311,907,332
1385,46.56480002403259,906,312
1386,46.59856081008911,906,292
1387,46.631715536117554,905,272
1388,46.66451072692871,904,252
1389,46.698490619659424,903,232
1390,46.73249793052673,903,212
1391,46.765986919403076,902,192
1392,46.79919123649597,901,172
1393,46.83312106132507,900,152
1394,46.86641454696655,900,132
1395,46.90021300315857,899,112
1396,46.933401584625244,898,92
1397,46.96653151512146,897,72
1398,47.0005407333374,897,52
1399,47.033546924591064,896,32
1400,47.068230867385864,895,12
1401,47.10196113586426,894,-7
1402,47.13514423370361,894,12
1403,47.1694552898407,893,32
1404,47.20282816886902,892,52
1405,47.23659133911133,891,72
1406,47.27096080780029,891,92
1407,47.3040668964386,890,112
1408,47.33675503730774,889,132
1409,47.370546102523804,888,152
1410,47.40354084968567,888,172
1411,47.43823313713074,887,192
1412,47.4714732170105,886,212
1413,47.50505828857422,885,232
1414,47.538472175598145,885,252
1415,47.57226586341858,884,272
1416,47.60647916793823,883,292
1417,47.63984131813049,882,312
1418,47.67321014404297,882,332
1419,47.70691919326782,881,352
1420,47.73984694480896,880,372
1421,47.77312088012695,879,392
1422,47.80640149116516,879,412
1423,47.84000301361084,878,432
1424,47.87344813346863,877,452
1425,47.9071888923645,876,472
1426,47.94222807884216,876,492
1427,47.97612166404724,875,512
1428,48.00943636894226,874,532
1429,48.04375624656677,873,552
1430,48.07753276824951,873,572
1431,48.111448764801025,872,592
1432,48.14527630805969,871,612
1433,48.178706407547,870,632
1434,48.21197319030762,870,652
1435,48.24461841583252,869,672
1436,48.27862358093262,868,692
1437,48.312676191329956,867,712
1438,48.34677171707153,867,692
1439,48.38031792640686,866,672
1440,48.414891719818115,865,652
1441,48.44810342788696,864,632
1442,48.48239231109619,864,612
1443,48.516947746276855,863,592
1444,48.55032444000244,862,572
1445,48.584173917770386,861,552
1446,48.61832523345947,861,532
1447,48.6528844833374,860,512
1448,48.68555045127869,859,492
1449,48.71876764297485,858,472
1450,48.751325607299805,858,452
1451,48.78510570526123,857,432
1452,48.81836771965027,856,412
1453,48.852670431137085,856,392
1454,48.88583183288574,855,372
1455,48.91866493225098,854,352
1456,48.95282506942749,853,332
1457,48.98645520210266,853,312
1458,49.02076029777527,852,292
1459,49.05392622947693,851,272
1460,49.08655762672424,850,252
1461,49.12015247344971,850,232
1462,49.15416955947876,849,212
1463,49.18841290473938,848,192
1464,49.2222580909729,847,172
1465,49.25610947608948,847,152
1466,49.28895401954651,846,132
1467,49.322508811950684,845,112
1468,49.35688138008118,844,92
1469,49.39080476760864,844,72
1470,49.424033641815186,843,52
1471,49.457480907440186,842,32
1472,49.492087841033936,841,12
1473,49.525015115737915,841,-7
1474,49.55854082107544,840,12
1475,49.59160327911377,839,32
1476,49.62553429603577,838,52
1477,49.659443616867065,838,72
1478,49.69275164604187,837,92
1479,49.72594094276428,836,112
1480,49.75927734375,835,132
1481,49.792593240737915,835,152
1482,49.82549810409546,834,172
1483,49.8591513633728,833,192
1484,49.89301371574402,832,212
1485,49.92560815811157,832,232
1486,49.959100008010864,831,252
1487,49.9918954372406,830,272
1488,50.025601863861084,829,292
1489,50.05956029891968,829,312
1490,50.092570304870605,828,332
1491,50.12598013877869,827,352
1492,50.159446477890015,826,372
1493,50.1934540271759,826,392
1494,50.22739863395691,825,412
1495,50.26103639602661,824,432
1496,50.294169902801514,823,452
1497,50.328566551208496,823,472
1498,50.361958742141724,822,492
1499,50.3953013420105,821,512
1500,50.42902684211731,820,532
1501,50.46212720870972,820,552
1502,50.49566888809204,819,572
1503,50.52877950668335,818,592
1504,50.56156086921692,817,612
1505,50.59538197517395,817,632
1506,50.62850856781006,816,652
1507,50.66255593299866,815,672
1508,50.696120738983154,814,692
1509,50.72985291481018,814,712
1510,50.76297211647034,813,692
1511,50.79645395278931,812,672
1512,50.83007025718689,811,652
1513,50.86449146270752,811,632
1514,50.89854907989502,810,612
1515,50.932607889175415,809,592
1516,50.96602749824524,808,572
1517,50.99980282783508,808,552
1518,51.03303623199463,807,532
1519,51.06691265106201,806,512
1520,51.09929633140564,805,492
1521,51.13264036178589,805,472
1522,51.166282415390015,804,452
1523,51.19991970062256,803,432
1524,51.23381471633911,802,412
1525,51.266746044158936,802,392
1526,51.300586223602295,801,372
1527,51.33342456817627,800,352
1528,51.36764311790466,800,332
1529,51.40251708030701,799,312
1530,51.43614888191223,798,292
1531,51.46957564353943,797,272
1532,51.50300049781799,797,252
1533,51.53665614128113,796,232
1534,51.570552110672,795,212
1535,51.6047203540802,794,192
1536,51.63848257064819,794,172
1537,51.67249059677124,793,152
1538,51.70568299293518,792,132
1539,51.739442348480225,791,112
1540,51.77310013771057,791,92
1541,51.80563044548035,790,72
1542,51.839614152908325,789,52
1543,51.87258553504944,788,32
1544,51.906550884246826,788,12
1545,51.94056677818298,787,-7
1546,51.97417736053467,786,12
1547,52.008551597595215,785,32
1548,52.0421679019928,785,52
1549,52.07634878158569,784,72
1550,52.11025285720825,783,92
1551,52.143744468688965,782,112
1552,52.178157567977905,782,132
1553,52.21241736412048,781,152
1554,52.24550414085388,780,172
1555,52.27861666679382,779,192
1556,52.31235861778259,779,212
1557,52.34557557106018,778,232
1558,52.379289388656616,777,252
1559,52.413809061050415,776,272
1560,52.44715905189514,776,292
1561,52.482001066207886,775,312
1562,52.515740394592285,774,332
1563,52.54987192153931,773,352
1564,52.58295464515686,773,372
1565,52.61559724807739,772,392
1566,52.64828395843506,771,412
1567,52.68161463737488,770,432
1568,52.71472239494324,770,452
1569,52.74858856201172,769,472
1570,52.78212285041809,768,492
1571,52.815141916275024,767,512
1572,52.84944009780884,767,532
1573,52.88292336463928,766,552
1574,52.91686224937439,765,572
1575,52.950506925582886,764,592
1576,52.98363733291626,764,612
1577,53.01660919189453,763,632
1578,53.05076718330383,762,652
1579,53.08405017852783,761,672
1580,53.116838455200195,761,692
1581,53.15030837059021,760,712
1582,53.18412446975708,759,692
1583,53.216448068618774,758,672
1584,53.24956393241882,758,652
1585,53.28398370742798,757,632
1586,53.31841993331909,756,612
1587,53.35234713554382,755,592
1588,53.38595771789551,755,572
1589,53.41864085197449,754,552
1590,53.452489614486694,753,532
1591,53.48658466339111,752,512
1592,53.520265102386475,752,492
1593,53.554617404937744,751,472
1594,53.58850979804993,750,452
1595,53.622251987457275,749,432
1596,53.656688928604126,749,412
1597,53.68962621688843,748,392
1598,53.723456144332886,747,372
1599,53.75738525390625,746,352
1600,53.791077852249146,746,332
1601,53.823307275772095,745,312
1602,53.8565673828125,744,292
1603,53.89062738418579,744,272
1604,53.924200773239136,743,252
1605,53.95858883857727,742,232
1606,53.99229097366333,741,212
1607,54.025880336761475,741,192
1608,54.05864596366882,740,172
1609,54.091975927352905,739,152
1610,54.12438344955444,738,132
1611,54.15857410430908,738,112
1612,54.19151854515076,737,92
1613,54.22566342353821,736,72
1614,54.25880455970764,735,52
1615,54.29130268096924,735,32
1616,54.32579016685486,734,12
1617,54.358786821365356,733,-7
1618,54.391408920288086,732,12
1619,54.42487049102783,732,32
1620,54.45843577384949,731,52
1621,54.49260711669922,730,72
1622,54.526527404785156,729,92
1623,54.55962324142456,729,112
1624,54.592888593673706,728,132
1625,54.626272439956665,727,152
1626,54.66108536720276,726,172
1627,54.69439387321472,726,192
1628,54.72828459739685,725,212
1629,54.76137948036194,724,232
1630,54.7950918674469,723,252
1631,54.82857966423035,723,272
1632,54.86172938346863,722,292
1633,54.89544606208801,721,312
1634,54.92902374267578,720,332
1635,54.96364140510559,720,352
1636,54.99677300453186,719,372
1637,55.03117489814758,718,392
1638,55.065534353256226,717,412
1639,55.098509788513184,717,432
1640,55.13323783874512,716,452
1641,55.168209075927734,715,472
1642,55.20151877403259,714,492
1643,55.23482894897461,714,512
1644,55.26727485656738,713,532
1645,55.30142307281494,712,552
1646,55.33547902107239,711,572
1647,55.36902952194214,711,592
1648,55.40180850028992,710,612
1649,55.43578243255615,709,632
1650,55.46948051452637,708,652
1651,55.50373387336731,708,672
1652,55.53675889968872,707,692
1653,55.57057332992554,706,712
1654,55.605085611343384,705,692
1655,55.63863730430603,705,672
1656,55.672778606414795,704,652
1657,55.70602536201477,703,632
1658,55.73938322067261,702,612
1659,55.772719621658325,702,592
1660,55.80600929260254,701,572
1661,55.83852696418762,700,552
1662,55.872132539749146,699,532
1663,55.90592050552368,699,512
1664,55.93967795372009,698,492
1665,55.97271656990051,697,472
1666,56.00638699531555,696,452
1667,56.03979206085205,696,432
1668,56.073166847229004,695,412
1669,56.10743260383606,694,392
1670,56.14129710197449,693,372
1671,56.17445969581604,693,352
1672,56.208197832107544,692,332
1673,56.24166202545166,691,312
1674,56.274728298187256,691,292
1675,56.308297872543335,690,272
1676,56.34229493141174,689,252
1677,56.375983476638794,688,232
1678,56.40835404396057,688,212
1679,56.4416286945343,687,192
1680,56.47546029090881,686,172
1681,56.5086350440979,685,152
1682,56.54157209396362,685,132
1683,56.57532215118408,684,112
1684,56.60959839820862,683,92
1685,56.643818855285645,682,72
1686,56.6772403717041,682,52
1687,56.711647272109985,681,32
1688,56.74601674079895,680,12
1689,56.7793231010437,679,-7
1690,56.81378507614136,679,12
1691,56.84729218482971,678,32
1692,56.88078188896179,677,52
1693,56.91402721405029,676,72
1694,56.947176456451416,676,92
1695,56.98120141029358,675,112
1696,57.01527976989746,674,132
1697,57.04857397079468,673,152
1698,57.082045555114746,673,172
1699,57.11431860923767,672,192
1700,57.14847493171692,671,212
1701,57.182738065719604,670,232
1702,57.21570825576782,670,252
1703,57.24833130836487,669,272
1704,57.282692193984985,668,292
1705,57.31649160385132,667,312
1706,57.35036110877991,667,332
1707,57.384291887283325,666,352
1708,57.418272495269775,665,372
1709,57.452329874038696,664,392
1710,57.48597502708435,664,412
1711,57.519927978515625,663,432
1712,57.55263137817383,662,452
1713,57.58626580238342,661,472
1714,57.62064743041992,661,492
1715,57.65415859222412,660,512
1716,57.688454389572144,659,532
1717,57.72241234779358,658,552
1718,57.75531077384949,658,572
1719,57.78888297080994,657,592
1720,57.82200217247009,656,612
1721,57.85481405258179,655,632
1722,57.88829469680786,655,652
1723,57.92193007469177,654,672
1724,57.95508599281311,653,692
1725,57.98790240287781,652,712
1726,58.020360231399536,652,692
1727,58.05437660217285,651,672
1728,58.08837342262268,650,652
1729,58.12184739112854,649,632
1730,58.15456962585449,649,612
1731,58.18755102157593,648,592
1732,58.22128510475159,647,572
1733,58.25504016876221,646,552
1734,58.288650035858154,646,532
1735,58.322662115097046,645,512
1736,58.356236696243286,644,492
1737,58.39046239852905,643,472
1738,58.424564838409424,643,452
1739,58.45756936073303,642,432
1740,58.490968227386475,641,412
1741,58.52435755729675,640,392
1742,58.558354139328,640,372
1743,58.592289686203,639,352
1744,58.626412868499756,638,332
1745,58.660120725631714,637,312
1746,58.693808794021606,637,292
1747,58.72752785682678,636,272
1748,58.76024508476257,635,252
1749,58.79409742355347,635,232
1750,58.827229022979736,634,212
1751,58.86210775375366,633,192
1752,58.89609909057617,632,172
1753,58.92855501174927,632,152
1754,58.96295976638794,631,132
1755,58.99590587615967,630,112
1756,59.02859592437744,629,92
1757,59.06230020523071,629,72
1758,59.09541654586792,628,52
1759,59.129709243774414,627,32
1760,59.16320085525513,626,12
1761,59.1970591545105,626,-7
1762,59.230233669281006,625,12
1763,59.264185428619385,624,32
1764,59.297189235687256,623,52
1765,59.331528186798096,623,72
1766,59.3651340007782,622,92
1767,59.39758563041687,621,112
1768,59.43166542053223,620,132
1769,59.46527695655823,620,152
1770,59.499332904815674,619,172
1771,59.53310823440552,618,192
1772,59.566969871520996,617,212
1773,59.6003999710083,617,232
1774,59.63414931297302,616,252
1775,59.66841769218445,615,272
1776,59.70149564743042,614,292
1777,59.73489546775818,614,312
1778,59.76771378517151,613,332
1779,59.80086064338684,612,352
1780,59.83493781089783,611,372
1781,59.868608713150024,611,392
1782,59.90237641334534,610,412
1783,59.93634557723999,609,432
1784,59.9702422618866,608,452
